Number,First Name,Last Name
1,Michele,Walker
2,Tommy,Geidl
3,Joseph,Holt
4,Ann,Isham
5,Allison,Alvarado
6,James,Cramer
7,Librada,Hunter
8,Marjorie,Lloyd
9,Paul,Ramirez
10,Carole,Harrison
11,Jason,Moreland
12,Ingrid,Garner
13,Bridgette,Aldridge
14,Robert,Harvell
15,Matthew,Hammond
16,Mack,Beaumont
17,Florence,Eckard
18,Robert,Pinneo
19,Donna,Beek
20,John,Solinski
21,Elizabeth,Johnson
22,Chris,Damico
23,Robert,Jordan
24,Kelly,Ripp
25,Jean,Clanton
26,Jeffrey,Sass
27,Lila,Kaylor
28,James,Meyers
29,Mollie,Moyer
30,Sheldon,Wagner
31,Charles,Francescone
32,Jason,Jenner
33,Pamela,Carlton
34,Cynthia,Carrasco
35,Kari,Cunningham
36,Lee,Lafollette
37,Lee,Tate
38,Kristine,Laplante
39,Christy,Russell
40,Roy,Espy
41,Mattie,Grundy
42,Frances,Kaszynski
43,Socorro,Drake
44,Meghan,Combs
45,Elaine,Carson
46,Kathrine,Jones
47,Peggy,Eichhorn
48,David,Craft
49,Esperanza,Stark
50,Aida,Pileggi
51,John,Woodward
52,Edwin,Young
53,Dennis,Lackey
54,Mai,Nichols
55,Daniel,Aldred
56,Donald,Fallon
57,Ann,Brogan
58,Harry,Warner
59,Belle,Mowles
60,Robert,Lamberth
61,Ella,Nasser
62,Edward,Ogata
63,Jacquelyn,Bender
64,Craig,Williams
65,Claire,Demarco
66,Matthew,Abel
67,Paul,Laporta
68,Greta,Dehart
69,Elizabeth,Anderson
70,Christie,Green
71,Celinda,Soileau
72,Rosa,Lauriano
73,Tawnya,Young
74,Tanya,Swing
75,Paul,Patterson
76,Christine,Hussey
77,Judy,Pope
78,Rebecca,Suk
79,Ruth,Morrison
80,Kimberly,Houston
81,Edmund,Luciano
82,Carmella,Brocker
83,Gilbert,Kim
84,Dorothy,Davis
85,Shannon,Gonzales
86,Troy,Cates
87,Kari,Birkeland
88,Nancy,Taylor
89,David,Barreto
90,Brenda,Cannon
91,Christopher,Darby
92,Williams,Francis
93,Stella,Jones
94,Anthony,Schoonover
95,Johnny,Anthony
96,Cristi,Frazier
97,Jackie,Garza
98,Freddie,Jackson
99,Sean,Burkhart
100,Steven,Lambert
